DROP TABLE drug;
CREATE TABLE drug(
   drugID       VARCHAR(13) NOT NULL
  ,drugname     VARCHAR(30) NOT NULL
  ,manufacturer VARCHAR(30) NOT NULL
  ,dosage       NUMBER(4,0) NOT NULL
  ,cost         NUMBER(5,2) NOT NULL
);
INSERT INTO drug(drugID,drugname,manufacturer,dosage,cost) VALUES ('103BSJGS836S','Enalapril','Alkonovo',250,120);
INSERT INTO drug(drugID,drugname,manufacturer,dosage,cost) VALUES ('104BSHGS350R','Enalapril','Alkonovo',400,140);
INSERT INTO drug(drugID,drugname,manufacturer,dosage,cost) VALUES ('16343SHSAR3D','Ibuprophen','Pharmascotia',600,3.4);
INSERT INTO drug(drugID,drugname,manufacturer,dosage,cost) VALUES ('19BHDS239475','Amolodipine','Medione',2000,45);
INSERT INTO drug(drugID,drugname,manufacturer,dosage,cost) VALUES ('20BHDS235723','Amolodipine','Medione',800,30);
INSERT INTO drug(drugID,drugname,manufacturer,dosage,cost) VALUES ('72BSJCJAK468','Aspirin','ASCIICare',350,2.5);
INSERT INTO drug(drugID,drugname,manufacturer,dosage,cost) VALUES ('93763SHSAG3D','Ibuprophen','Pharmascotia',1000,4);
INSERT INTO drug(drugID,drugname,manufacturer,dosage,cost) VALUES ('94HSJ378BSDJS','Ventolin','Javacare',100,12);
INSERT INTO drug(drugID,drugname,manufacturer,dosage,cost) VALUES ('95LSJCVAH864','Aspirin','ASCIICare',500,3.25);
INSERT INTO drug(drugID,drugname,manufacturer,dosage,cost) VALUES ('ADSIJD8244244','Spiriva Handihaler','RPD Biotech',50,78);
INSERT INTO drug(drugID,drugname,manufacturer,dosage,cost) VALUES ('CPSVS700347A','Lantus Solostar','CSS Ceuticals',700,29);
INSERT INTO drug(drugID,drugname,manufacturer,dosage,cost) VALUES ('DSJKDSIOEISBG','Sitaglipton','BioReid',750,800);
INSERT INTO drug(drugID,drugname,manufacturer,dosage,cost) VALUES ('HG2383474SKD','Atorvastatin','Boolean Laboratories',300,40);
INSERT INTO drug(drugID,drugname,manufacturer,dosage,cost) VALUES ('KASJBCBEUIHE2','Metaformin','PseudoPharm',650,32);
INSERT INTO drug(drugID,drugname,manufacturer,dosage,cost) VALUES ('MASJBCBEUI900','Metaformin','PseudoPharm',900,36);
INSERT INTO drug(drugID,drugname,manufacturer,dosage,cost) VALUES ('PAK946120BSV','Budesonaide','CScience Logistics',150,14);
INSERT INTO drug(drugID,drugname,manufacturer,dosage,cost) VALUES ('PHASHVEHSB2','Crestor','SQL Medicare',1500,199);
INSERT INTO drug(drugID,drugname,manufacturer,dosage,cost) VALUES ('PNXVS895347W','Lantus Solostar','CSS Ceuticals',1250,35);
INSERT INTO drug(drugID,drugname,manufacturer,dosage,cost) VALUES ('SAJGSKD048SS','Gliclazide','productPharm',850,67);
INSERT INTO drug(drugID,drugname,manufacturer,dosage,cost) VALUES ('SDAIJD9364534','Spiriva Handihaler','RPD Biotech',1750,158);


DROP TABLE doctor;
CREATE TABLE doctor(
   doctorID      NUMBER(2,0) NOT NULL
  ,forename      VARCHAR(20) NOT NULL
  ,surname       VARCHAR(30) NOT NULL
  ,Street        VARCHAR(30) NOT NULL
  ,town          VARCHAR(20) NOT NULL
  ,postcode      VARCHAR(8) NOT NULL
  ,telNo         VARCHAR(13) NOT NULL
  ,dateQualified DATE  NOT NULL
);
INSERT INTO doctor(doctorID,forename,surname,Street,town,postcode,telNo,dateQualified) VALUES (9,'Judy','Hardcastle','20 Ankle Place','Edinburgh','EH4 8HQ','0131 865346','16-Dec-2001');
INSERT INTO doctor(doctorID,forename,surname,Street,town,postcode,telNo,dateQualified) VALUES (12,'Harry','Nutt','30 Hip Court','Edinburgh','EH12 9DF','07973 765346','30-May-1990');
INSERT INTO doctor(doctorID,forename,surname,Street,town,postcode,telNo,dateQualified) VALUES (34,'Mohammed','McRae','99 Head Drive','Edinburgh','EH22 2HN','07774 738465','13-Jul-1999');
INSERT INTO doctor(doctorID,forename,surname,Street,town,postcode,telNo,dateQualified) VALUES (38,'Alice','Budge','6 Knee Drive','Edinburgh','EH17 6RF','0131 441 5411','14-Aug-1985');
INSERT INTO doctor(doctorID,forename,surname,Street,town,postcode,telNo,dateQualified) VALUES (41,'Susan','Edwards','8a Toe Street','Livingston','EH54 6YH','01506 880621','07-Jul-1995');
INSERT INTO doctor(doctorID,forename,surname,Street,town,postcode,telNo,dateQualified) VALUES (48,'Gerard','Cooper','17 New Street','Edinburgh','EH14 6FG','0131 446 5110','19-Nov-2003');
INSERT INTO doctor(doctorID,forename,surname,Street,town,postcode,telNo,dateQualified) VALUES (59,'Caroline','Gilmour','2 Anderson Way','Edinburgh','EH1 5RT','0131 467 2209','14-Aug-2000');




ALTER SESSION SET NLS_DATE_FORMAT='DD-MON-YYYY HH24:MI:SS';

DROP TABLE appointment;
CREATE TABLE appointment(
   appDate   DATE  NOT NULL
  ,appTime   DATE NOT NULL
  ,doctorID  INTEGER  NOT NULL
  ,patientID INTEGER  NOT NULL
);
INSERT INTO appointment(appDate,appTime,doctorID,patientID) VALUES ('12-May-2018','30-Dec-1899 09:00:00',59,91);
INSERT INTO appointment(appDate,appTime,doctorID,patientID) VALUES ('12-May-2018','30-Dec-1899 09:30:00',9,2);
INSERT INTO appointment(appDate,appTime,doctorID,patientID) VALUES ('12-May-2018','30-Dec-1899 09:30:00',12,104);
INSERT INTO appointment(appDate,appTime,doctorID,patientID) VALUES ('12-May-2018','30-Dec-1899 09:30:00',38,17);
INSERT INTO appointment(appDate,appTime,doctorID,patientID) VALUES ('12-May-2018','30-Dec-1899 09:30:00',41,19);
INSERT INTO appointment(appDate,appTime,doctorID,patientID) VALUES ('12-May-2018','30-Dec-1899 09:30:00',59,92);
INSERT INTO appointment(appDate,appTime,doctorID,patientID) VALUES ('12-May-2018','30-Dec-1899 09:45:00',9,4);
INSERT INTO appointment(appDate,appTime,doctorID,patientID) VALUES ('12-May-2018','30-Dec-1899 09:45:00',12,14);
INSERT INTO appointment(appDate,appTime,doctorID,patientID) VALUES ('12-May-2018','30-Dec-1899 09:45:00',41,25);
INSERT INTO appointment(appDate,appTime,doctorID,patientID) VALUES ('12-May-2018','30-Dec-1899 10:00:00',9,6);
INSERT INTO appointment(appDate,appTime,doctorID,patientID) VALUES ('12-May-2018','30-Dec-1899 10:00:00',12,9);
INSERT INTO appointment(appDate,appTime,doctorID,patientID) VALUES ('12-May-2018','30-Dec-1899 10:00:00',38,30);
INSERT INTO appointment(appDate,appTime,doctorID,patientID) VALUES ('12-May-2018','30-Dec-1899 10:00:00',41,37);
INSERT INTO appointment(appDate,appTime,doctorID,patientID) VALUES ('12-May-2018','30-Dec-1899 10:00:00',59,103);
INSERT INTO appointment(appDate,appTime,doctorID,patientID) VALUES ('12-May-2018','30-Dec-1899 10:15:00',9,8);
INSERT INTO appointment(appDate,appTime,doctorID,patientID) VALUES ('12-May-2018','30-Dec-1899 10:15:00',12,10);
INSERT INTO appointment(appDate,appTime,doctorID,patientID) VALUES ('12-May-2018','30-Dec-1899 10:15:00',41,40);
INSERT INTO appointment(appDate,appTime,doctorID,patientID) VALUES ('12-May-2018','30-Dec-1899 10:30:00',9,13);
INSERT INTO appointment(appDate,appTime,doctorID,patientID) VALUES ('12-May-2018','30-Dec-1899 10:30:00',12,12);
INSERT INTO appointment(appDate,appTime,doctorID,patientID) VALUES ('12-May-2018','30-Dec-1899 10:30:00',38,62);
INSERT INTO appointment(appDate,appTime,doctorID,patientID) VALUES ('12-May-2018','30-Dec-1899 10:30:00',41,55);
INSERT INTO appointment(appDate,appTime,doctorID,patientID) VALUES ('12-May-2018','30-Dec-1899 10:30:00',59,105);
INSERT INTO appointment(appDate,appTime,doctorID,patientID) VALUES ('12-May-2018','30-Dec-1899 10:45:00',9,24);
INSERT INTO appointment(appDate,appTime,doctorID,patientID) VALUES ('12-May-2018','30-Dec-1899 10:45:00',12,15);
INSERT INTO appointment(appDate,appTime,doctorID,patientID) VALUES ('12-May-2018','30-Dec-1899 10:45:00',41,59);
INSERT INTO appointment(appDate,appTime,doctorID,patientID) VALUES ('12-May-2018','30-Dec-1899 11:00:00',9,28);
INSERT INTO appointment(appDate,appTime,doctorID,patientID) VALUES ('12-May-2018','30-Dec-1899 11:00:00',12,22);
INSERT INTO appointment(appDate,appTime,doctorID,patientID) VALUES ('12-May-2018','30-Dec-1899 11:00:00',34,5);
INSERT INTO appointment(appDate,appTime,doctorID,patientID) VALUES ('12-May-2018','30-Dec-1899 11:00:00',38,102);
INSERT INTO appointment(appDate,appTime,doctorID,patientID) VALUES ('12-May-2018','30-Dec-1899 11:00:00',41,43);
INSERT INTO appointment(appDate,appTime,doctorID,patientID) VALUES ('12-May-2018','30-Dec-1899 11:00:00',59,11);
INSERT INTO appointment(appDate,appTime,doctorID,patientID) VALUES ('12-May-2018','30-Dec-1899 11:15:00',9,33);
INSERT INTO appointment(appDate,appTime,doctorID,patientID) VALUES ('12-May-2018','30-Dec-1899 11:15:00',12,44);
INSERT INTO appointment(appDate,appTime,doctorID,patientID) VALUES ('12-May-2018','30-Dec-1899 11:15:00',34,16);
INSERT INTO appointment(appDate,appTime,doctorID,patientID) VALUES ('12-May-2018','30-Dec-1899 11:30:00',9,35);
INSERT INTO appointment(appDate,appTime,doctorID,patientID) VALUES ('12-May-2018','30-Dec-1899 11:30:00',12,48);
INSERT INTO appointment(appDate,appTime,doctorID,patientID) VALUES ('12-May-2018','30-Dec-1899 11:30:00',34,23);
INSERT INTO appointment(appDate,appTime,doctorID,patientID) VALUES ('12-May-2018','30-Dec-1899 11:30:00',38,69);
INSERT INTO appointment(appDate,appTime,doctorID,patientID) VALUES ('12-May-2018','30-Dec-1899 11:30:00',41,95);
INSERT INTO appointment(appDate,appTime,doctorID,patientID) VALUES ('12-May-2018','30-Dec-1899 11:45:00',34,18);
INSERT INTO appointment(appDate,appTime,doctorID,patientID) VALUES ('12-May-2018','30-Dec-1899 11:45:00',41,26);
INSERT INTO appointment(appDate,appTime,doctorID,patientID) VALUES ('12-May-2018','30-Dec-1899 12:00:00',38,97);
INSERT INTO appointment(appDate,appTime,doctorID,patientID) VALUES ('12-May-2018','30-Dec-1899 12:00:00',41,71);
INSERT INTO appointment(appDate,appTime,doctorID,patientID) VALUES ('12-May-2018','30-Dec-1899 12:00:00',59,79);
INSERT INTO appointment(appDate,appTime,doctorID,patientID) VALUES ('12-May-2018','30-Dec-1899 12:30:00',41,31);
INSERT INTO appointment(appDate,appTime,doctorID,patientID) VALUES ('12-May-2018','30-Dec-1899 13:30:00',41,51);
INSERT INTO appointment(appDate,appTime,doctorID,patientID) VALUES ('12-May-2018','30-Dec-1899 14:00:00',38,21);
INSERT INTO appointment(appDate,appTime,doctorID,patientID) VALUES ('12-May-2018','30-Dec-1899 14:00:00',41,1);
INSERT INTO appointment(appDate,appTime,doctorID,patientID) VALUES ('12-May-2018','30-Dec-1899 14:00:00',59,74);
INSERT INTO appointment(appDate,appTime,doctorID,patientID) VALUES ('12-May-2018','30-Dec-1899 14:30:00',38,82);
INSERT INTO appointment(appDate,appTime,doctorID,patientID) VALUES ('12-May-2018','30-Dec-1899 14:30:00',41,99);
INSERT INTO appointment(appDate,appTime,doctorID,patientID) VALUES ('12-May-2018','30-Dec-1899 14:30:00',59,72);
INSERT INTO appointment(appDate,appTime,doctorID,patientID) VALUES ('12-May-2018','30-Dec-1899 15:00:00',38,89);
INSERT INTO appointment(appDate,appTime,doctorID,patientID) VALUES ('12-May-2018','30-Dec-1899 15:00:00',41,60);
INSERT INTO appointment(appDate,appTime,doctorID,patientID) VALUES ('12-May-2018','30-Dec-1899 15:00:00',59,90);
INSERT INTO appointment(appDate,appTime,doctorID,patientID) VALUES ('12-May-2018','30-Dec-1899 15:30:00',38,34);
INSERT INTO appointment(appDate,appTime,doctorID,patientID) VALUES ('12-May-2018','30-Dec-1899 15:30:00',41,81);
INSERT INTO appointment(appDate,appTime,doctorID,patientID) VALUES ('12-May-2018','30-Dec-1899 15:30:00',59,7);
INSERT INTO appointment(appDate,appTime,doctorID,patientID) VALUES ('12-May-2018','30-Dec-1899 15:45:00',41,20);
INSERT INTO appointment(appDate,appTime,doctorID,patientID) VALUES ('12-May-2018','30-Dec-1899 16:00:00',38,57);
INSERT INTO appointment(appDate,appTime,doctorID,patientID) VALUES ('12-May-2018','30-Dec-1899 16:00:00',41,29);
INSERT INTO appointment(appDate,appTime,doctorID,patientID) VALUES ('12-May-2018','30-Dec-1899 16:00:00',59,68);
INSERT INTO appointment(appDate,appTime,doctorID,patientID) VALUES ('12-May-2018','30-Dec-1899 16:30:00',38,39);
INSERT INTO appointment(appDate,appTime,doctorID,patientID) VALUES ('12-May-2018','30-Dec-1899 16:30:00',41,61);
INSERT INTO appointment(appDate,appTime,doctorID,patientID) VALUES ('12-May-2018','30-Dec-1899 16:30:00',59,70);
INSERT INTO appointment(appDate,appTime,doctorID,patientID) VALUES ('13-May-2018','30-Dec-1899 09:00:00',9,92);
INSERT INTO appointment(appDate,appTime,doctorID,patientID) VALUES ('13-May-2018','30-Dec-1899 09:00:00',12,85);
INSERT INTO appointment(appDate,appTime,doctorID,patientID) VALUES ('13-May-2018','30-Dec-1899 09:00:00',48,87);
INSERT INTO appointment(appDate,appTime,doctorID,patientID) VALUES ('13-May-2018','30-Dec-1899 09:30:00',9,39);
INSERT INTO appointment(appDate,appTime,doctorID,patientID) VALUES ('13-May-2018','30-Dec-1899 09:30:00',12,64);
INSERT INTO appointment(appDate,appTime,doctorID,patientID) VALUES ('13-May-2018','30-Dec-1899 09:30:00',48,44);
INSERT INTO appointment(appDate,appTime,doctorID,patientID) VALUES ('13-May-2018','30-Dec-1899 10:00:00',9,38);
INSERT INTO appointment(appDate,appTime,doctorID,patientID) VALUES ('13-May-2018','30-Dec-1899 10:00:00',12,58);
INSERT INTO appointment(appDate,appTime,doctorID,patientID) VALUES ('13-May-2018','30-Dec-1899 10:00:00',48,59);
INSERT INTO appointment(appDate,appTime,doctorID,patientID) VALUES ('13-May-2018','30-Dec-1899 10:30:00',9,1);
INSERT INTO appointment(appDate,appTime,doctorID,patientID) VALUES ('13-May-2018','30-Dec-1899 10:30:00',12,24);
INSERT INTO appointment(appDate,appTime,doctorID,patientID) VALUES ('13-May-2018','30-Dec-1899 10:30:00',48,23);
INSERT INTO appointment(appDate,appTime,doctorID,patientID) VALUES ('13-May-2018','30-Dec-1899 11:00:00',9,101);
INSERT INTO appointment(appDate,appTime,doctorID,patientID) VALUES ('13-May-2018','30-Dec-1899 11:00:00',12,7);
INSERT INTO appointment(appDate,appTime,doctorID,patientID) VALUES ('13-May-2018','30-Dec-1899 11:00:00',48,9);
INSERT INTO appointment(appDate,appTime,doctorID,patientID) VALUES ('13-May-2018','30-Dec-1899 11:30:00',12,80);
INSERT INTO appointment(appDate,appTime,doctorID,patientID) VALUES ('13-May-2018','30-Dec-1899 12:00:00',9,4);
INSERT INTO appointment(appDate,appTime,doctorID,patientID) VALUES ('13-May-2018','30-Dec-1899 12:00:00',12,105);
INSERT INTO appointment(appDate,appTime,doctorID,patientID) VALUES ('13-May-2018','30-Dec-1899 12:00:00',48,103);
INSERT INTO appointment(appDate,appTime,doctorID,patientID) VALUES ('13-May-2018','30-Dec-1899 14:00:00',9,78);
INSERT INTO appointment(appDate,appTime,doctorID,patientID) VALUES ('13-May-2018','30-Dec-1899 14:00:00',12,77);
INSERT INTO appointment(appDate,appTime,doctorID,patientID) VALUES ('13-May-2018','30-Dec-1899 14:00:00',48,75);
INSERT INTO appointment(appDate,appTime,doctorID,patientID) VALUES ('13-May-2018','30-Dec-1899 14:30:00',9,98);
INSERT INTO appointment(appDate,appTime,doctorID,patientID) VALUES ('13-May-2018','30-Dec-1899 14:30:00',12,54);
INSERT INTO appointment(appDate,appTime,doctorID,patientID) VALUES ('13-May-2018','30-Dec-1899 14:30:00',48,52);
INSERT INTO appointment(appDate,appTime,doctorID,patientID) VALUES ('13-May-2018','30-Dec-1899 15:00:00',9,74);
INSERT INTO appointment(appDate,appTime,doctorID,patientID) VALUES ('13-May-2018','30-Dec-1899 15:00:00',12,39);
INSERT INTO appointment(appDate,appTime,doctorID,patientID) VALUES ('13-May-2018','30-Dec-1899 15:00:00',48,37);
INSERT INTO appointment(appDate,appTime,doctorID,patientID) VALUES ('13-May-2018','30-Dec-1899 15:30:00',9,99);
INSERT INTO appointment(appDate,appTime,doctorID,patientID) VALUES ('13-May-2018','30-Dec-1899 15:30:00',12,17);
INSERT INTO appointment(appDate,appTime,doctorID,patientID) VALUES ('13-May-2018','30-Dec-1899 15:30:00',48,15);
INSERT INTO appointment(appDate,appTime,doctorID,patientID) VALUES ('13-May-2018','30-Dec-1899 16:00:00',9,45);
INSERT INTO appointment(appDate,appTime,doctorID,patientID) VALUES ('13-May-2018','30-Dec-1899 16:00:00',12,10);
INSERT INTO appointment(appDate,appTime,doctorID,patientID) VALUES ('13-May-2018','30-Dec-1899 16:00:00',48,12);
INSERT INTO appointment(appDate,appTime,doctorID,patientID) VALUES ('13-May-2018','30-Dec-1899 16:30:00',9,62);
INSERT INTO appointment(appDate,appTime,doctorID,patientID) VALUES ('13-May-2018','30-Dec-1899 16:30:00',12,29);
INSERT INTO appointment(appDate,appTime,doctorID,patientID) VALUES ('13-May-2018','30-Dec-1899 16:30:00',48,27);
INSERT INTO appointment(appDate,appTime,doctorID,patientID) VALUES ('14-May-2018','30-Dec-1899 09:00:00',9,9);
INSERT INTO appointment(appDate,appTime,doctorID,patientID) VALUES ('14-May-2018','30-Dec-1899 09:00:00',34,85);
INSERT INTO appointment(appDate,appTime,doctorID,patientID) VALUES ('14-May-2018','30-Dec-1899 09:00:00',41,29);
INSERT INTO appointment(appDate,appTime,doctorID,patientID) VALUES ('14-May-2018','30-Dec-1899 09:00:00',59,1);
INSERT INTO appointment(appDate,appTime,doctorID,patientID) VALUES ('14-May-2018','30-Dec-1899 09:30:00',9,16);
INSERT INTO appointment(appDate,appTime,doctorID,patientID) VALUES ('14-May-2018','30-Dec-1899 09:30:00',34,46);
INSERT INTO appointment(appDate,appTime,doctorID,patientID) VALUES ('14-May-2018','30-Dec-1899 09:30:00',41,76);
INSERT INTO appointment(appDate,appTime,doctorID,patientID) VALUES ('14-May-2018','30-Dec-1899 09:30:00',59,66);
INSERT INTO appointment(appDate,appTime,doctorID,patientID) VALUES ('14-May-2018','30-Dec-1899 10:00:00',9,26);
INSERT INTO appointment(appDate,appTime,doctorID,patientID) VALUES ('14-May-2018','30-Dec-1899 10:00:00',34,61);
INSERT INTO appointment(appDate,appTime,doctorID,patientID) VALUES ('14-May-2018','30-Dec-1899 10:00:00',41,84);
INSERT INTO appointment(appDate,appTime,doctorID,patientID) VALUES ('14-May-2018','30-Dec-1899 10:00:00',59,8);
INSERT INTO appointment(appDate,appTime,doctorID,patientID) VALUES ('14-May-2018','30-Dec-1899 10:15:00',34,88);
INSERT INTO appointment(appDate,appTime,doctorID,patientID) VALUES ('14-May-2018','30-Dec-1899 10:30:00',9,89);
INSERT INTO appointment(appDate,appTime,doctorID,patientID) VALUES ('14-May-2018','30-Dec-1899 10:30:00',34,31);
INSERT INTO appointment(appDate,appTime,doctorID,patientID) VALUES ('14-May-2018','30-Dec-1899 10:30:00',41,50);
INSERT INTO appointment(appDate,appTime,doctorID,patientID) VALUES ('14-May-2018','30-Dec-1899 10:30:00',59,75);
INSERT INTO appointment(appDate,appTime,doctorID,patientID) VALUES ('14-May-2018','30-Dec-1899 11:00:00',9,71);
INSERT INTO appointment(appDate,appTime,doctorID,patientID) VALUES ('14-May-2018','30-Dec-1899 11:00:00',34,17);
INSERT INTO appointment(appDate,appTime,doctorID,patientID) VALUES ('14-May-2018','30-Dec-1899 11:00:00',41,44);
INSERT INTO appointment(appDate,appTime,doctorID,patientID) VALUES ('14-May-2018','30-Dec-1899 11:00:00',59,69);
INSERT INTO appointment(appDate,appTime,doctorID,patientID) VALUES ('14-May-2018','30-Dec-1899 12:00:00',9,83);
INSERT INTO appointment(appDate,appTime,doctorID,patientID) VALUES ('14-May-2018','30-Dec-1899 12:00:00',34,102);
INSERT INTO appointment(appDate,appTime,doctorID,patientID) VALUES ('14-May-2018','30-Dec-1899 12:00:00',41,19);
INSERT INTO appointment(appDate,appTime,doctorID,patientID) VALUES ('14-May-2018','30-Dec-1899 12:00:00',59,24);
INSERT INTO appointment(appDate,appTime,doctorID,patientID) VALUES ('14-May-2018','30-Dec-1899 12:30:00',59,37);
INSERT INTO appointment(appDate,appTime,doctorID,patientID) VALUES ('14-May-2018','30-Dec-1899 13:30:00',59,58);
INSERT INTO appointment(appDate,appTime,doctorID,patientID) VALUES ('14-May-2018','30-Dec-1899 14:00:00',9,99);
INSERT INTO appointment(appDate,appTime,doctorID,patientID) VALUES ('14-May-2018','30-Dec-1899 14:00:00',34,79);
INSERT INTO appointment(appDate,appTime,doctorID,patientID) VALUES ('14-May-2018','30-Dec-1899 14:00:00',41,30);
INSERT INTO appointment(appDate,appTime,doctorID,patientID) VALUES ('14-May-2018','30-Dec-1899 14:00:00',59,97);
INSERT INTO appointment(appDate,appTime,doctorID,patientID) VALUES ('14-May-2018','30-Dec-1899 14:30:00',9,101);
INSERT INTO appointment(appDate,appTime,doctorID,patientID) VALUES ('14-May-2018','30-Dec-1899 14:30:00',34,54);
INSERT INTO appointment(appDate,appTime,doctorID,patientID) VALUES ('14-May-2018','30-Dec-1899 14:30:00',41,98);
INSERT INTO appointment(appDate,appTime,doctorID,patientID) VALUES ('14-May-2018','30-Dec-1899 14:30:00',59,40);
INSERT INTO appointment(appDate,appTime,doctorID,patientID) VALUES ('14-May-2018','30-Dec-1899 15:00:00',9,3);
INSERT INTO appointment(appDate,appTime,doctorID,patientID) VALUES ('14-May-2018','30-Dec-1899 15:00:00',34,13);
INSERT INTO appointment(appDate,appTime,doctorID,patientID) VALUES ('14-May-2018','30-Dec-1899 15:00:00',41,10);
INSERT INTO appointment(appDate,appTime,doctorID,patientID) VALUES ('14-May-2018','30-Dec-1899 15:00:00',59,67);
INSERT INTO appointment(appDate,appTime,doctorID,patientID) VALUES ('14-May-2018','30-Dec-1899 15:30:00',9,96);
INSERT INTO appointment(appDate,appTime,doctorID,patientID) VALUES ('14-May-2018','30-Dec-1899 15:30:00',34,18);
INSERT INTO appointment(appDate,appTime,doctorID,patientID) VALUES ('14-May-2018','30-Dec-1899 15:30:00',41,93);
INSERT INTO appointment(appDate,appTime,doctorID,patientID) VALUES ('14-May-2018','30-Dec-1899 15:30:00',59,47);
INSERT INTO appointment(appDate,appTime,doctorID,patientID) VALUES ('14-May-2018','30-Dec-1899 16:00:00',9,21);
INSERT INTO appointment(appDate,appTime,doctorID,patientID) VALUES ('14-May-2018','30-Dec-1899 16:00:00',34,11);
INSERT INTO appointment(appDate,appTime,doctorID,patientID) VALUES ('14-May-2018','30-Dec-1899 16:00:00',41,82);
INSERT INTO appointment(appDate,appTime,doctorID,patientID) VALUES ('14-May-2018','30-Dec-1899 16:00:00',59,12);
INSERT INTO appointment(appDate,appTime,doctorID,patientID) VALUES ('14-May-2018','30-Dec-1899 16:30:00',9,55);
INSERT INTO appointment(appDate,appTime,doctorID,patientID) VALUES ('14-May-2018','30-Dec-1899 16:30:00',34,32);
INSERT INTO appointment(appDate,appTime,doctorID,patientID) VALUES ('14-May-2018','30-Dec-1899 16:30:00',41,70);
INSERT INTO appointment(appDate,appTime,doctorID,patientID) VALUES ('14-May-2018','30-Dec-1899 16:30:00',59,7);
INSERT INTO appointment(appDate,appTime,doctorID,patientID) VALUES ('15-May-2018','30-Dec-1899 09:00:00',38,45);
INSERT INTO appointment(appDate,appTime,doctorID,patientID) VALUES ('15-May-2018','30-Dec-1899 09:00:00',48,82);
INSERT INTO appointment(appDate,appTime,doctorID,patientID) VALUES ('15-May-2018','30-Dec-1899 09:00:00',59,1);
INSERT INTO appointment(appDate,appTime,doctorID,patientID) VALUES ('15-May-2018','30-Dec-1899 09:30:00',12,26);
INSERT INTO appointment(appDate,appTime,doctorID,patientID) VALUES ('15-May-2018','30-Dec-1899 09:30:00',38,3);
INSERT INTO appointment(appDate,appTime,doctorID,patientID) VALUES ('15-May-2018','30-Dec-1899 09:30:00',48,5);
INSERT INTO appointment(appDate,appTime,doctorID,patientID) VALUES ('15-May-2018','30-Dec-1899 09:30:00',59,28);
INSERT INTO appointment(appDate,appTime,doctorID,patientID) VALUES ('15-May-2018','30-Dec-1899 10:00:00',12,74);
INSERT INTO appointment(appDate,appTime,doctorID,patientID) VALUES ('15-May-2018','30-Dec-1899 10:00:00',38,9);
INSERT INTO appointment(appDate,appTime,doctorID,patientID) VALUES ('15-May-2018','30-Dec-1899 10:00:00',48,105);
INSERT INTO appointment(appDate,appTime,doctorID,patientID) VALUES ('15-May-2018','30-Dec-1899 10:00:00',59,77);
INSERT INTO appointment(appDate,appTime,doctorID,patientID) VALUES ('15-May-2018','30-Dec-1899 10:30:00',12,34);
INSERT INTO appointment(appDate,appTime,doctorID,patientID) VALUES ('15-May-2018','30-Dec-1899 10:30:00',38,18);
INSERT INTO appointment(appDate,appTime,doctorID,patientID) VALUES ('15-May-2018','30-Dec-1899 10:30:00',48,65);
INSERT INTO appointment(appDate,appTime,doctorID,patientID) VALUES ('15-May-2018','30-Dec-1899 10:30:00',59,22);
INSERT INTO appointment(appDate,appTime,doctorID,patientID) VALUES ('15-May-2018','30-Dec-1899 11:00:00',12,64);
INSERT INTO appointment(appDate,appTime,doctorID,patientID) VALUES ('15-May-2018','30-Dec-1899 11:00:00',38,101);
INSERT INTO appointment(appDate,appTime,doctorID,patientID) VALUES ('15-May-2018','30-Dec-1899 11:00:00',48,21);
INSERT INTO appointment(appDate,appTime,doctorID,patientID) VALUES ('15-May-2018','30-Dec-1899 11:00:00',59,41);
INSERT INTO appointment(appDate,appTime,doctorID,patientID) VALUES ('15-May-2018','30-Dec-1899 12:00:00',12,42);
INSERT INTO appointment(appDate,appTime,doctorID,patientID) VALUES ('15-May-2018','30-Dec-1899 12:00:00',38,76);
INSERT INTO appointment(appDate,appTime,doctorID,patientID) VALUES ('15-May-2018','30-Dec-1899 12:00:00',48,38);
INSERT INTO appointment(appDate,appTime,doctorID,patientID) VALUES ('15-May-2018','30-Dec-1899 12:00:00',59,56);
INSERT INTO appointment(appDate,appTime,doctorID,patientID) VALUES ('15-May-2018','30-Dec-1899 12:30:00',12,20);
INSERT INTO appointment(appDate,appTime,doctorID,patientID) VALUES ('15-May-2018','30-Dec-1899 12:30:00',38,23);
INSERT INTO appointment(appDate,appTime,doctorID,patientID) VALUES ('15-May-2018','30-Dec-1899 12:30:00',48,49);
INSERT INTO appointment(appDate,appTime,doctorID,patientID) VALUES ('15-May-2018','30-Dec-1899 12:30:00',59,94);
INSERT INTO appointment(appDate,appTime,doctorID,patientID) VALUES ('15-May-2018','30-Dec-1899 13:30:00',38,33);
INSERT INTO appointment(appDate,appTime,doctorID,patientID) VALUES ('15-May-2018','30-Dec-1899 13:30:00',48,69);
INSERT INTO appointment(appDate,appTime,doctorID,patientID) VALUES ('15-May-2018','30-Dec-1899 13:30:00',59,103);
INSERT INTO appointment(appDate,appTime,doctorID,patientID) VALUES ('15-May-2018','30-Dec-1899 14:00:00',38,73);
INSERT INTO appointment(appDate,appTime,doctorID,patientID) VALUES ('15-May-2018','30-Dec-1899 14:00:00',48,63);
INSERT INTO appointment(appDate,appTime,doctorID,patientID) VALUES ('15-May-2018','30-Dec-1899 14:00:00',59,25);
INSERT INTO appointment(appDate,appTime,doctorID,patientID) VALUES ('15-May-2018','30-Dec-1899 14:30:00',38,85);
INSERT INTO appointment(appDate,appTime,doctorID,patientID) VALUES ('15-May-2018','30-Dec-1899 14:30:00',48,6);
INSERT INTO appointment(appDate,appTime,doctorID,patientID) VALUES ('15-May-2018','30-Dec-1899 14:30:00',59,17);
INSERT INTO appointment(appDate,appTime,doctorID,patientID) VALUES ('15-May-2018','30-Dec-1899 15:00:00',38,92);
INSERT INTO appointment(appDate,appTime,doctorID,patientID) VALUES ('15-May-2018','30-Dec-1899 15:00:00',48,84);
INSERT INTO appointment(appDate,appTime,doctorID,patientID) VALUES ('15-May-2018','30-Dec-1899 15:00:00',59,53);
INSERT INTO appointment(appDate,appTime,doctorID,patientID) VALUES ('15-May-2018','30-Dec-1899 15:30:00',38,58);
INSERT INTO appointment(appDate,appTime,doctorID,patientID) VALUES ('15-May-2018','30-Dec-1899 15:30:00',48,27);
INSERT INTO appointment(appDate,appTime,doctorID,patientID) VALUES ('15-May-2018','30-Dec-1899 15:30:00',59,83);
INSERT INTO appointment(appDate,appTime,doctorID,patientID) VALUES ('15-May-2018','30-Dec-1899 16:00:00',38,37);
INSERT INTO appointment(appDate,appTime,doctorID,patientID) VALUES ('15-May-2018','30-Dec-1899 16:00:00',48,36);
INSERT INTO appointment(appDate,appTime,doctorID,patientID) VALUES ('15-May-2018','30-Dec-1899 16:00:00',59,100);
INSERT INTO appointment(appDate,appTime,doctorID,patientID) VALUES ('15-May-2018','30-Dec-1899 16:30:00',38,79);
INSERT INTO appointment(appDate,appTime,doctorID,patientID) VALUES ('15-May-2018','30-Dec-1899 16:30:00',48,72);
INSERT INTO appointment(appDate,appTime,doctorID,patientID) VALUES ('15-May-2018','30-Dec-1899 16:30:00',59,44);
INSERT INTO appointment(appDate,appTime,doctorID,patientID) VALUES ('16-May-2018','30-Dec-1899 09:00:00',9,74);
INSERT INTO appointment(appDate,appTime,doctorID,patientID) VALUES ('16-May-2018','30-Dec-1899 09:00:00',12,87);
INSERT INTO appointment(appDate,appTime,doctorID,patientID) VALUES ('16-May-2018','30-Dec-1899 09:00:00',34,27);
INSERT INTO appointment(appDate,appTime,doctorID,patientID) VALUES ('16-May-2018','30-Dec-1899 09:30:00',9,22);
INSERT INTO appointment(appDate,appTime,doctorID,patientID) VALUES ('16-May-2018','30-Dec-1899 09:30:00',12,100);
INSERT INTO appointment(appDate,appTime,doctorID,patientID) VALUES ('16-May-2018','30-Dec-1899 09:30:00',34,99);
INSERT INTO appointment(appDate,appTime,doctorID,patientID) VALUES ('16-May-2018','30-Dec-1899 10:00:00',9,34);
INSERT INTO appointment(appDate,appTime,doctorID,patientID) VALUES ('16-May-2018','30-Dec-1899 10:00:00',12,84);
INSERT INTO appointment(appDate,appTime,doctorID,patientID) VALUES ('16-May-2018','30-Dec-1899 10:00:00',34,29);
INSERT INTO appointment(appDate,appTime,doctorID,patientID) VALUES ('16-May-2018','30-Dec-1899 10:30:00',9,70);
INSERT INTO appointment(appDate,appTime,doctorID,patientID) VALUES ('16-May-2018','30-Dec-1899 10:30:00',12,5);
INSERT INTO appointment(appDate,appTime,doctorID,patientID) VALUES ('16-May-2018','30-Dec-1899 10:30:00',34,39);
INSERT INTO appointment(appDate,appTime,doctorID,patientID) VALUES ('16-May-2018','30-Dec-1899 11:00:00',9,57);
INSERT INTO appointment(appDate,appTime,doctorID,patientID) VALUES ('16-May-2018','30-Dec-1899 11:00:00',12,59);
INSERT INTO appointment(appDate,appTime,doctorID,patientID) VALUES ('16-May-2018','30-Dec-1899 11:00:00',34,2);
INSERT INTO appointment(appDate,appTime,doctorID,patientID) VALUES ('16-May-2018','30-Dec-1899 12:00:00',9,66);
INSERT INTO appointment(appDate,appTime,doctorID,patientID) VALUES ('16-May-2018','30-Dec-1899 12:00:00',12,19);
INSERT INTO appointment(appDate,appTime,doctorID,patientID) VALUES ('16-May-2018','30-Dec-1899 12:00:00',34,98);
INSERT INTO appointment(appDate,appTime,doctorID,patientID) VALUES ('16-May-2018','30-Dec-1899 12:30:00',9,75);
INSERT INTO appointment(appDate,appTime,doctorID,patientID) VALUES ('16-May-2018','30-Dec-1899 12:30:00',12,17);
INSERT INTO appointment(appDate,appTime,doctorID,patientID) VALUES ('16-May-2018','30-Dec-1899 12:30:00',34,52);
INSERT INTO appointment(appDate,appTime,doctorID,patientID) VALUES ('16-May-2018','30-Dec-1899 13:30:00',9,12);
INSERT INTO appointment(appDate,appTime,doctorID,patientID) VALUES ('16-May-2018','30-Dec-1899 13:30:00',34,26);
INSERT INTO appointment(appDate,appTime,doctorID,patientID) VALUES ('16-May-2018','30-Dec-1899 14:00:00',9,7);
INSERT INTO appointment(appDate,appTime,doctorID,patientID) VALUES ('16-May-2018','30-Dec-1899 14:00:00',34,46);
INSERT INTO appointment(appDate,appTime,doctorID,patientID) VALUES ('16-May-2018','30-Dec-1899 14:30:00',9,38);
INSERT INTO appointment(appDate,appTime,doctorID,patientID) VALUES ('16-May-2018','30-Dec-1899 14:30:00',34,51);
INSERT INTO appointment(appDate,appTime,doctorID,patientID) VALUES ('16-May-2018','30-Dec-1899 15:00:00',9,16);
INSERT INTO appointment(appDate,appTime,doctorID,patientID) VALUES ('16-May-2018','30-Dec-1899 15:00:00',34,41);
INSERT INTO appointment(appDate,appTime,doctorID,patientID) VALUES ('16-May-2018','30-Dec-1899 15:30:00',9,3);
INSERT INTO appointment(appDate,appTime,doctorID,patientID) VALUES ('16-May-2018','30-Dec-1899 15:30:00',34,53);
INSERT INTO appointment(appDate,appTime,doctorID,patientID) VALUES ('16-May-2018','30-Dec-1899 16:00:00',9,25);
INSERT INTO appointment(appDate,appTime,doctorID,patientID) VALUES ('16-May-2018','30-Dec-1899 16:00:00',34,31);
INSERT INTO appointment(appDate,appTime,doctorID,patientID) VALUES ('16-May-2018','30-Dec-1899 16:30:00',9,103);
INSERT INTO appointment(appDate,appTime,doctorID,patientID) VALUES ('16-May-2018','30-Dec-1899 16:30:00',34,81);
INSERT INTO appointment(appDate,appTime,doctorID,patientID) VALUES ('17-May-2018','30-Dec-1899 09:00:00',41,6);
INSERT INTO appointment(appDate,appTime,doctorID,patientID) VALUES ('17-May-2018','30-Dec-1899 09:00:00',48,48);
INSERT INTO appointment(appDate,appTime,doctorID,patientID) VALUES ('17-May-2018','30-Dec-1899 09:00:00',59,2);
INSERT INTO appointment(appDate,appTime,doctorID,patientID) VALUES ('17-May-2018','30-Dec-1899 09:30:00',41,12);
INSERT INTO appointment(appDate,appTime,doctorID,patientID) VALUES ('17-May-2018','30-Dec-1899 09:30:00',48,33);
INSERT INTO appointment(appDate,appTime,doctorID,patientID) VALUES ('17-May-2018','30-Dec-1899 09:30:00',59,105);
INSERT INTO appointment(appDate,appTime,doctorID,patientID) VALUES ('17-May-2018','30-Dec-1899 10:00:00',41,24);
INSERT INTO appointment(appDate,appTime,doctorID,patientID) VALUES ('17-May-2018','30-Dec-1899 10:00:00',48,5);
INSERT INTO appointment(appDate,appTime,doctorID,patientID) VALUES ('17-May-2018','30-Dec-1899 10:00:00',59,8);
INSERT INTO appointment(appDate,appTime,doctorID,patientID) VALUES ('17-May-2018','30-Dec-1899 10:30:00',41,28);
INSERT INTO appointment(appDate,appTime,doctorID,patientID) VALUES ('17-May-2018','30-Dec-1899 10:30:00',48,90);
INSERT INTO appointment(appDate,appTime,doctorID,patientID) VALUES ('17-May-2018','30-Dec-1899 10:30:00',59,98);
INSERT INTO appointment(appDate,appTime,doctorID,patientID) VALUES ('17-May-2018','30-Dec-1899 11:00:00',41,36);
INSERT INTO appointment(appDate,appTime,doctorID,patientID) VALUES ('17-May-2018','30-Dec-1899 11:00:00',48,17);
INSERT INTO appointment(appDate,appTime,doctorID,patientID) VALUES ('17-May-2018','30-Dec-1899 11:00:00',59,14);
INSERT INTO appointment(appDate,appTime,doctorID,patientID) VALUES ('17-May-2018','30-Dec-1899 12:00:00',41,42);
INSERT INTO appointment(appDate,appTime,doctorID,patientID) VALUES ('17-May-2018','30-Dec-1899 12:00:00',48,25);
INSERT INTO appointment(appDate,appTime,doctorID,patientID) VALUES ('17-May-2018','30-Dec-1899 12:00:00',59,91);
INSERT INTO appointment(appDate,appTime,doctorID,patientID) VALUES ('17-May-2018','30-Dec-1899 12:30:00',41,54);
INSERT INTO appointment(appDate,appTime,doctorID,patientID) VALUES ('17-May-2018','30-Dec-1899 12:30:00',48,37);
INSERT INTO appointment(appDate,appTime,doctorID,patientID) VALUES ('17-May-2018','30-Dec-1899 12:30:00',59,20);
INSERT INTO appointment(appDate,appTime,doctorID,patientID) VALUES ('17-May-2018','30-Dec-1899 13:30:00',41,78);
INSERT INTO appointment(appDate,appTime,doctorID,patientID) VALUES ('17-May-2018','30-Dec-1899 13:30:00',48,63);
INSERT INTO appointment(appDate,appTime,doctorID,patientID) VALUES ('17-May-2018','30-Dec-1899 13:30:00',59,84);
INSERT INTO appointment(appDate,appTime,doctorID,patientID) VALUES ('17-May-2018','30-Dec-1899 14:00:00',41,86);
INSERT INTO appointment(appDate,appTime,doctorID,patientID) VALUES ('17-May-2018','30-Dec-1899 14:00:00',48,21);
INSERT INTO appointment(appDate,appTime,doctorID,patientID) VALUES ('17-May-2018','30-Dec-1899 14:00:00',59,26);
INSERT INTO appointment(appDate,appTime,doctorID,patientID) VALUES ('17-May-2018','30-Dec-1899 14:30:00',41,94);
INSERT INTO appointment(appDate,appTime,doctorID,patientID) VALUES ('17-May-2018','30-Dec-1899 14:30:00',48,103);
INSERT INTO appointment(appDate,appTime,doctorID,patientID) VALUES ('17-May-2018','30-Dec-1899 14:30:00',59,77);
INSERT INTO appointment(appDate,appTime,doctorID,patientID) VALUES ('17-May-2018','30-Dec-1899 15:00:00',41,100);
INSERT INTO appointment(appDate,appTime,doctorID,patientID) VALUES ('17-May-2018','30-Dec-1899 15:00:00',48,49);
INSERT INTO appointment(appDate,appTime,doctorID,patientID) VALUES ('17-May-2018','30-Dec-1899 15:00:00',59,32);
INSERT INTO appointment(appDate,appTime,doctorID,patientID) VALUES ('17-May-2018','30-Dec-1899 15:30:00',41,47);
INSERT INTO appointment(appDate,appTime,doctorID,patientID) VALUES ('17-May-2018','30-Dec-1899 15:30:00',48,69);
INSERT INTO appointment(appDate,appTime,doctorID,patientID) VALUES ('17-May-2018','30-Dec-1899 15:30:00',59,60);
INSERT INTO appointment(appDate,appTime,doctorID,patientID) VALUES ('17-May-2018','30-Dec-1899 16:00:00',41,68);
INSERT INTO appointment(appDate,appTime,doctorID,patientID) VALUES ('17-May-2018','30-Dec-1899 16:00:00',48,73);
INSERT INTO appointment(appDate,appTime,doctorID,patientID) VALUES ('17-May-2018','30-Dec-1899 16:00:00',59,40);
INSERT INTO appointment(appDate,appTime,doctorID,patientID) VALUES ('17-May-2018','30-Dec-1899 16:30:00',41,16);
INSERT INTO appointment(appDate,appTime,doctorID,patientID) VALUES ('17-May-2018','30-Dec-1899 16:30:00',48,89);
INSERT INTO appointment(appDate,appTime,doctorID,patientID) VALUES ('17-May-2018','30-Dec-1899 16:30:00',59,53);
INSERT INTO appointment(appDate,appTime,doctorID,patientID) VALUES ('18-May-2018','30-Dec-1899 09:00:00',12,87);
INSERT INTO appointment(appDate,appTime,doctorID,patientID) VALUES ('18-May-2018','30-Dec-1899 09:00:00',34,1);
INSERT INTO appointment(appDate,appTime,doctorID,patientID) VALUES ('18-May-2018','30-Dec-1899 09:30:00',12,93);
INSERT INTO appointment(appDate,appTime,doctorID,patientID) VALUES ('18-May-2018','30-Dec-1899 09:30:00',34,94);
INSERT INTO appointment(appDate,appTime,doctorID,patientID) VALUES ('18-May-2018','30-Dec-1899 09:30:00',41,42);
INSERT INTO appointment(appDate,appTime,doctorID,patientID) VALUES ('18-May-2018','30-Dec-1899 10:00:00',12,105);
INSERT INTO appointment(appDate,appTime,doctorID,patientID) VALUES ('18-May-2018','30-Dec-1899 10:00:00',34,40);
INSERT INTO appointment(appDate,appTime,doctorID,patientID) VALUES ('18-May-2018','30-Dec-1899 10:00:00',41,10);
INSERT INTO appointment(appDate,appTime,doctorID,patientID) VALUES ('18-May-2018','30-Dec-1899 10:30:00',12,67);
INSERT INTO appointment(appDate,appTime,doctorID,patientID) VALUES ('18-May-2018','30-Dec-1899 10:30:00',34,53);
INSERT INTO appointment(appDate,appTime,doctorID,patientID) VALUES ('18-May-2018','30-Dec-1899 10:30:00',41,95);
INSERT INTO appointment(appDate,appTime,doctorID,patientID) VALUES ('18-May-2018','30-Dec-1899 11:00:00',12,59);
INSERT INTO appointment(appDate,appTime,doctorID,patientID) VALUES ('18-May-2018','30-Dec-1899 11:00:00',34,56);
INSERT INTO appointment(appDate,appTime,doctorID,patientID) VALUES ('18-May-2018','30-Dec-1899 11:00:00',41,15);
INSERT INTO appointment(appDate,appTime,doctorID,patientID) VALUES ('18-May-2018','30-Dec-1899 12:00:00',12,16);
INSERT INTO appointment(appDate,appTime,doctorID,patientID) VALUES ('18-May-2018','30-Dec-1899 12:00:00',34,60);
INSERT INTO appointment(appDate,appTime,doctorID,patientID) VALUES ('18-May-2018','30-Dec-1899 12:00:00',41,28);
INSERT INTO appointment(appDate,appTime,doctorID,patientID) VALUES ('18-May-2018','30-Dec-1899 12:30:00',12,38);
INSERT INTO appointment(appDate,appTime,doctorID,patientID) VALUES ('18-May-2018','30-Dec-1899 12:30:00',34,9);
INSERT INTO appointment(appDate,appTime,doctorID,patientID) VALUES ('18-May-2018','30-Dec-1899 12:30:00',41,77);
INSERT INTO appointment(appDate,appTime,doctorID,patientID) VALUES ('18-May-2018','30-Dec-1899 13:30:00',12,55);
INSERT INTO appointment(appDate,appTime,doctorID,patientID) VALUES ('18-May-2018','30-Dec-1899 13:30:00',34,74);
INSERT INTO appointment(appDate,appTime,doctorID,patientID) VALUES ('18-May-2018','30-Dec-1899 14:00:00',12,68);
INSERT INTO appointment(appDate,appTime,doctorID,patientID) VALUES ('18-May-2018','30-Dec-1899 14:00:00',34,86);
INSERT INTO appointment(appDate,appTime,doctorID,patientID) VALUES ('18-May-2018','30-Dec-1899 14:30:00',12,90);
INSERT INTO appointment(appDate,appTime,doctorID,patientID) VALUES ('18-May-2018','30-Dec-1899 14:30:00',34,18);
INSERT INTO appointment(appDate,appTime,doctorID,patientID) VALUES ('18-May-2018','30-Dec-1899 15:00:00',12,26);
INSERT INTO appointment(appDate,appTime,doctorID,patientID) VALUES ('18-May-2018','30-Dec-1899 15:00:00',34,27);
INSERT INTO appointment(appDate,appTime,doctorID,patientID) VALUES ('18-May-2018','30-Dec-1899 15:30:00',12,8);
INSERT INTO appointment(appDate,appTime,doctorID,patientID) VALUES ('18-May-2018','30-Dec-1899 15:30:00',34,34);
INSERT INTO appointment(appDate,appTime,doctorID,patientID) VALUES ('18-May-2018','30-Dec-1899 16:00:00',12,52);
INSERT INTO appointment(appDate,appTime,doctorID,patientID) VALUES ('18-May-2018','30-Dec-1899 16:00:00',34,43);
INSERT INTO appointment(appDate,appTime,doctorID,patientID) VALUES ('18-May-2018','30-Dec-1899 16:30:00',12,20);
INSERT INTO appointment(appDate,appTime,doctorID,patientID) VALUES ('18-May-2018','30-Dec-1899 16:30:00',34,29);



DROP TABLE prescribedDrug;
CREATE TABLE prescribedDrug(
   patientID      INTEGER  NOT NULL
  ,drugID         VARCHAR(13) NOT NULL
  ,datePrescribed DATE  NOT NULL
);
INSERT INTO prescribedDrug(patientID,drugID,datePrescribed) VALUES (1,'103BSJGS836S','12-May-2018');
INSERT INTO prescribedDrug(patientID,drugID,datePrescribed) VALUES (2,'103BSJGS836S','16-May-2018');
INSERT INTO prescribedDrug(patientID,drugID,datePrescribed) VALUES (2,'ADSIJD8244244','12-May-2018');
INSERT INTO prescribedDrug(patientID,drugID,datePrescribed) VALUES (2,'ADSIJD8244244','20-Jun-2018');
INSERT INTO prescribedDrug(patientID,drugID,datePrescribed) VALUES (3,'MASJBCBEUI900','14-May-2018');
INSERT INTO prescribedDrug(patientID,drugID,datePrescribed) VALUES (3,'PNXVS895347W','16-May-2018');
INSERT INTO prescribedDrug(patientID,drugID,datePrescribed) VALUES (4,'HG2383474SKD','12-May-2018');
INSERT INTO prescribedDrug(patientID,drugID,datePrescribed) VALUES (5,'72BSJCJAK468','17-May-2018');
INSERT INTO prescribedDrug(patientID,drugID,datePrescribed) VALUES (5,'94HSJ378BSDJS','15-May-2018');
INSERT INTO prescribedDrug(patientID,drugID,datePrescribed) VALUES (6,'16343SHSAR3D','17-May-2018');
INSERT INTO prescribedDrug(patientID,drugID,datePrescribed) VALUES (6,'93763SHSAG3D','12-May-2018');
INSERT INTO prescribedDrug(patientID,drugID,datePrescribed) VALUES (7,'HG2383474SKD','13-May-2018');
INSERT INTO prescribedDrug(patientID,drugID,datePrescribed) VALUES (8,'MASJBCBEUI900','18-May-2018');
INSERT INTO prescribedDrug(patientID,drugID,datePrescribed) VALUES (9,'DSJKDSIOEISBG','18-May-2018');
INSERT INTO prescribedDrug(patientID,drugID,datePrescribed) VALUES (9,'PNXVS895347W','12-May-2018');
INSERT INTO prescribedDrug(patientID,drugID,datePrescribed) VALUES (10,'SAJGSKD048SS','14-May-2018');
INSERT INTO prescribedDrug(patientID,drugID,datePrescribed) VALUES (10,'SDAIJD9364534','14-May-2018');
INSERT INTO prescribedDrug(patientID,drugID,datePrescribed) VALUES (11,'95LSJCVAH864','12-May-2018');
INSERT INTO prescribedDrug(patientID,drugID,datePrescribed) VALUES (12,'103BSJGS836S','17-May-2018');
INSERT INTO prescribedDrug(patientID,drugID,datePrescribed) VALUES (13,'103BSJGS836S','12-May-2018');
INSERT INTO prescribedDrug(patientID,drugID,datePrescribed) VALUES (14,'CPSVS700347A','12-May-2018');
INSERT INTO prescribedDrug(patientID,drugID,datePrescribed) VALUES (15,'DSJKDSIOEISBG','13-May-2018');
INSERT INTO prescribedDrug(patientID,drugID,datePrescribed) VALUES (16,'104BSHGS350R','16-May-2018');
INSERT INTO prescribedDrug(patientID,drugID,datePrescribed) VALUES (16,'KASJBCBEUIHE2','16-May-2018');
INSERT INTO prescribedDrug(patientID,drugID,datePrescribed) VALUES (17,'19BHDS239475','12-May-2018');
INSERT INTO prescribedDrug(patientID,drugID,datePrescribed) VALUES (17,'HG2383474SKD','17-May-2018');
INSERT INTO prescribedDrug(patientID,drugID,datePrescribed) VALUES (18,'16343SHSAR3D','18-May-2018');
INSERT INTO prescribedDrug(patientID,drugID,datePrescribed) VALUES (18,'95LSJCVAH864','14-May-2018');
INSERT INTO prescribedDrug(patientID,drugID,datePrescribed) VALUES (19,'20BHDS235723','12-May-2018');
INSERT INTO prescribedDrug(patientID,drugID,datePrescribed) VALUES (20,'93763SHSAG3D','18-May-2018');
INSERT INTO prescribedDrug(patientID,drugID,datePrescribed) VALUES (21,'DSJKDSIOEISBG','12-May-2018');
INSERT INTO prescribedDrug(patientID,drugID,datePrescribed) VALUES (21,'DSJKDSIOEISBG','15-May-2018');
INSERT INTO prescribedDrug(patientID,drugID,datePrescribed) VALUES (22,'20BHDS235723','16-May-2018');
INSERT INTO prescribedDrug(patientID,drugID,datePrescribed) VALUES (23,'103BSJGS836S','13-May-2018');
INSERT INTO prescribedDrug(patientID,drugID,datePrescribed) VALUES (24,'104BSHGS350R','17-May-2018');
INSERT INTO prescribedDrug(patientID,drugID,datePrescribed) VALUES (25,'DSJKDSIOEISBG','16-May-2018');
INSERT INTO prescribedDrug(patientID,drugID,datePrescribed) VALUES (25,'SDAIJD9364534','12-May-2018');
INSERT INTO prescribedDrug(patientID,drugID,datePrescribed) VALUES (26,'ADSIJD8244244','14-May-2018');
INSERT INTO prescribedDrug(patientID,drugID,datePrescribed) VALUES (26,'KASJBCBEUIHE2','12-May-2018');
INSERT INTO prescribedDrug(patientID,drugID,datePrescribed) VALUES (26,'MASJBCBEUI900','15-May-2018');
INSERT INTO prescribedDrug(patientID,drugID,datePrescribed) VALUES (27,'94HSJ378BSDJS','13-May-2018');
INSERT INTO prescribedDrug(patientID,drugID,datePrescribed) VALUES (27,'95LSJCVAH864','18-May-2018');
INSERT INTO prescribedDrug(patientID,drugID,datePrescribed) VALUES (28,'ADSIJD8244244','12-May-2018');
INSERT INTO prescribedDrug(patientID,drugID,datePrescribed) VALUES (28,'HG2383474SKD','18-May-2018');
INSERT INTO prescribedDrug(patientID,drugID,datePrescribed) VALUES (29,'94HSJ378BSDJS','18-Aug-2018');
INSERT INTO prescribedDrug(patientID,drugID,datePrescribed) VALUES (30,'20BHDS235723','14-May-2018');
INSERT INTO prescribedDrug(patientID,drugID,datePrescribed) VALUES (32,'PHASHVEHSB2','14-May-2018');
INSERT INTO prescribedDrug(patientID,drugID,datePrescribed) VALUES (34,'CPSVS700347A','12-May-2018');
INSERT INTO prescribedDrug(patientID,drugID,datePrescribed) VALUES (35,'93763SHSAG3D','12-May-2018');
INSERT INTO prescribedDrug(patientID,drugID,datePrescribed) VALUES (37,'72BSJCJAK468','17-May-2018');
INSERT INTO prescribedDrug(patientID,drugID,datePrescribed) VALUES (38,'19BHDS239475','13-May-2018');
INSERT INTO prescribedDrug(patientID,drugID,datePrescribed) VALUES (38,'ADSIJD8244244','15-May-2018');
INSERT INTO prescribedDrug(patientID,drugID,datePrescribed) VALUES (38,'DSJKDSIOEISBG','18-May-2018');
INSERT INTO prescribedDrug(patientID,drugID,datePrescribed) VALUES (39,'PAK946120BSV','12-May-2018');
INSERT INTO prescribedDrug(patientID,drugID,datePrescribed) VALUES (40,'SAJGSKD048SS','17-May-2018');
INSERT INTO prescribedDrug(patientID,drugID,datePrescribed) VALUES (40,'SDAIJD9364534','14-May-2018');
INSERT INTO prescribedDrug(patientID,drugID,datePrescribed) VALUES (41,'20BHDS235723','16-May-2018');
INSERT INTO prescribedDrug(patientID,drugID,datePrescribed) VALUES (42,'16343SHSAR3D','18-May-2018');
INSERT INTO prescribedDrug(patientID,drugID,datePrescribed) VALUES (42,'95LSJCVAH864','15-May-2018');
INSERT INTO prescribedDrug(patientID,drugID,datePrescribed) VALUES (43,'ADSIJD8244244','18-May-2018');
INSERT INTO prescribedDrug(patientID,drugID,datePrescribed) VALUES (44,'20BHDS235723','12-May-2018');
INSERT INTO prescribedDrug(patientID,drugID,datePrescribed) VALUES (51,'93763SHSAG3D','12-May-2018');
INSERT INTO prescribedDrug(patientID,drugID,datePrescribed) VALUES (51,'ADSIJD8244244','16-May-2018');
INSERT INTO prescribedDrug(patientID,drugID,datePrescribed) VALUES (51,'HG2383474SKD','12-May-2018');
INSERT INTO prescribedDrug(patientID,drugID,datePrescribed) VALUES (52,'95LSJCVAH864','13-May-2018');
INSERT INTO prescribedDrug(patientID,drugID,datePrescribed) VALUES (53,'19BHDS239475','15-May-2018');
INSERT INTO prescribedDrug(patientID,drugID,datePrescribed) VALUES (53,'20BHDS235723','18-May-2018');
INSERT INTO prescribedDrug(patientID,drugID,datePrescribed) VALUES (55,'ADSIJD8244244','12-May-2018');
INSERT INTO prescribedDrug(patientID,drugID,datePrescribed) VALUES (55,'DSJKDSIOEISBG','14-May-2018');
INSERT INTO prescribedDrug(patientID,drugID,datePrescribed) VALUES (57,'20BHDS235723','12-May-2018');
INSERT INTO prescribedDrug(patientID,drugID,datePrescribed) VALUES (57,'95LSJCVAH864','16-May-2018');
INSERT INTO prescribedDrug(patientID,drugID,datePrescribed) VALUES (58,'104BSHGS350R','14-May-2018');
INSERT INTO prescribedDrug(patientID,drugID,datePrescribed) VALUES (58,'19BHDS239475','15-May-2018');
INSERT INTO prescribedDrug(patientID,drugID,datePrescribed) VALUES (60,'ADSIJD8244244','12-May-2018');
INSERT INTO prescribedDrug(patientID,drugID,datePrescribed) VALUES (60,'CPSVS700347A','18-May-2018');
INSERT INTO prescribedDrug(patientID,drugID,datePrescribed) VALUES (61,'KASJBCBEUIHE2','14-May-2018');
INSERT INTO prescribedDrug(patientID,drugID,datePrescribed) VALUES (63,'SAJGSKD048SS','17-May-2018');
INSERT INTO prescribedDrug(patientID,drugID,datePrescribed) VALUES (63,'SDAIJD9364534','15-May-2018');
INSERT INTO prescribedDrug(patientID,drugID,datePrescribed) VALUES (64,'20BHDS235723','13-May-2018');
INSERT INTO prescribedDrug(patientID,drugID,datePrescribed) VALUES (64,'ADSIJD8244244','13-May-2018');
INSERT INTO prescribedDrug(patientID,drugID,datePrescribed) VALUES (67,'ADSIJD8244244','14-May-2018');
INSERT INTO prescribedDrug(patientID,drugID,datePrescribed) VALUES (69,'16343SHSAR3D','12-May-2018');
INSERT INTO prescribedDrug(patientID,drugID,datePrescribed) VALUES (70,'16343SHSAR3D','16-May-2018');
INSERT INTO prescribedDrug(patientID,drugID,datePrescribed) VALUES (72,'103BSJGS836S','15-May-2018');
INSERT INTO prescribedDrug(patientID,drugID,datePrescribed) VALUES (72,'72BSJCJAK468','15-May-2018');
INSERT INTO prescribedDrug(patientID,drugID,datePrescribed) VALUES (72,'CPSVS700347A','15-May-2018');
INSERT INTO prescribedDrug(patientID,drugID,datePrescribed) VALUES (75,'19BHDS239475','14-May-2018');
INSERT INTO prescribedDrug(patientID,drugID,datePrescribed) VALUES (76,'HG2383474SKD','14-May-2018');
INSERT INTO prescribedDrug(patientID,drugID,datePrescribed) VALUES (78,'CPSVS700347A','13-May-2018');
INSERT INTO prescribedDrug(patientID,drugID,datePrescribed) VALUES (79,'94HSJ378BSDJS','14-May-2018');
INSERT INTO prescribedDrug(patientID,drugID,datePrescribed) VALUES (79,'DSJKDSIOEISBG','15-May-2018');
INSERT INTO prescribedDrug(patientID,drugID,datePrescribed) VALUES (80,'95LSJCVAH864','13-May-2018');
INSERT INTO prescribedDrug(patientID,drugID,datePrescribed) VALUES (81,'MASJBCBEUI900','12-May-2018');
INSERT INTO prescribedDrug(patientID,drugID,datePrescribed) VALUES (82,'SAJGSKD048SS','14-May-2018');
INSERT INTO prescribedDrug(patientID,drugID,datePrescribed) VALUES (83,'SDAIJD9364534','15-May-2018');
INSERT INTO prescribedDrug(patientID,drugID,datePrescribed) VALUES (85,'20BHDS235723','15-May-2018');
INSERT INTO prescribedDrug(patientID,drugID,datePrescribed) VALUES (85,'DSJKDSIOEISBG','14-May-2018');
INSERT INTO prescribedDrug(patientID,drugID,datePrescribed) VALUES (88,'19BHDS239475','14-May-2018');
INSERT INTO prescribedDrug(patientID,drugID,datePrescribed) VALUES (90,'CPSVS700347A','18-May-2018');
INSERT INTO prescribedDrug(patientID,drugID,datePrescribed) VALUES (91,'93763SHSAG3D','17-May-2018');
INSERT INTO prescribedDrug(patientID,drugID,datePrescribed) VALUES (91,'KASJBCBEUIHE2','17-May-2018');
INSERT INTO prescribedDrug(patientID,drugID,datePrescribed) VALUES (92,'19BHDS239475','13-May-2018');
INSERT INTO prescribedDrug(patientID,drugID,datePrescribed) VALUES (92,'HG2383474SKD','15-May-2018');
INSERT INTO prescribedDrug(patientID,drugID,datePrescribed) VALUES (93,'ADSIJD8244244','18-May-2018');
INSERT INTO prescribedDrug(patientID,drugID,datePrescribed) VALUES (93,'KASJBCBEUIHE2','14-May-2018');
INSERT INTO prescribedDrug(patientID,drugID,datePrescribed) VALUES (93,'MASJBCBEUI900','18-May-2018');
INSERT INTO prescribedDrug(patientID,drugID,datePrescribed) VALUES (95,'104BSHGS350R','12-May-2018');
INSERT INTO prescribedDrug(patientID,drugID,datePrescribed) VALUES (95,'MASJBCBEUI900','18-May-2018');
INSERT INTO prescribedDrug(patientID,drugID,datePrescribed) VALUES (97,'HG2383474SKD','12-May-2018');
INSERT INTO prescribedDrug(patientID,drugID,datePrescribed) VALUES (98,'95LSJCVAH864','16-May-2018');
INSERT INTO prescribedDrug(patientID,drugID,datePrescribed) VALUES (99,'19BHDS239475','16-May-2018');
INSERT INTO prescribedDrug(patientID,drugID,datePrescribed) VALUES (99,'HG2383474SKD','16-May-2018');
INSERT INTO prescribedDrug(patientID,drugID,datePrescribed) VALUES (100,'103BSJGS836S','15-May-2018');
INSERT INTO prescribedDrug(patientID,drugID,datePrescribed) VALUES (101,'72BSJCJAK468','14-May-2018');
INSERT INTO prescribedDrug(patientID,drugID,datePrescribed) VALUES (101,'HG2383474SKD','13-May-2018');
INSERT INTO prescribedDrug(patientID,drugID,datePrescribed) VALUES (101,'PNXVS895347W','12-May-2018');
INSERT INTO prescribedDrug(patientID,drugID,datePrescribed) VALUES (102,'MASJBCBEUI900','12-May-2018');
INSERT INTO prescribedDrug(patientID,drugID,datePrescribed) VALUES (103,'72BSJCJAK468','16-May-2018');
INSERT INTO prescribedDrug(patientID,drugID,datePrescribed) VALUES (104,'KASJBCBEUIHE2','12-May-2018');
INSERT INTO prescribedDrug(patientID,drugID,datePrescribed) VALUES (105,'PHASHVEHSB2','18-May-2018');


DROP TABLE patient;
CREATE TABLE patient(
   patientID   NUMBER(3,0) NOT NULL
  ,forename    VARCHAR(20) NOT NULL
  ,surname     VARCHAR(20) NOT NULL
  ,dateOfBirth DATE  NOT NULL
  ,Address     VARCHAR(70) NOT NULL
  ,contactNo   VARCHAR(13) NOT NULL
);
INSERT INTO patient(patientID,forename,surname,dateOfBirth,Address,contactNo) VALUES (1,'David','Grey','05-Oct-1987','12 Hap Lane  Morningside  Edinburgh  EH8 9LK','07524 764532');
INSERT INTO patient(patientID,forename,surname,dateOfBirth,Address,contactNo) VALUES (2,'Susan','Lamb','13-Jul-1989','45 Garage Lane  Edinburgh EH12','0131 9875364');
INSERT INTO patient(patientID,forename,surname,dateOfBirth,Address,contactNo) VALUES (3,'Camila','Rodriguez','02-Jan-1951','16 Stable Lane  Morningside  Edinburgh  EH8 9GB','0131 2228755');
INSERT INTO patient(patientID,forename,surname,dateOfBirth,Address,contactNo) VALUES (4,'Rachel','Williams','28-Feb-1964','1 Nile Grove  Edinburgh  EH9 4DE','07654 987568');
INSERT INTO patient(patientID,forename,surname,dateOfBirth,Address,contactNo) VALUES (5,'Antoine','Richard','31-Dec-2001','33 Woodburn Terrace  Morningside  Edinburgh  EH8 4YT','07009 637449');
INSERT INTO patient(patientID,forename,surname,dateOfBirth,Address,contactNo) VALUES (6,'Luke','Walker','13-Mar-1977','128 Cluny Gardens  Edinburgh  EH9 6GR','07253 761233');
INSERT INTO patient(patientID,forename,surname,dateOfBirth,Address,contactNo) VALUES (7,'Jamie','Roberts','22-Sep-1993','2 Hermitage Gardens  Morningside  Edinburgh  EH8 1GY','0131 0098546');
INSERT INTO patient(patientID,forename,surname,dateOfBirth,Address,contactNo) VALUES (8,'Gifty','Adisa','01-Aug-2003','29 Pentland Drive  Oxgangs  Edinburgh  EH12 8DW','0131 6664998');
INSERT INTO patient(patientID,forename,surname,dateOfBirth,Address,contactNo) VALUES (9,'Lewis','Robinson','10-Apr-1945','100 Camus Avenue  Oxgangs  Edinburgh  EH12 7YY','0131 1278354');
INSERT INTO patient(patientID,forename,surname,dateOfBirth,Address,contactNo) VALUES (10,'Rashida','Chipo','07-Nov-1981','13 OxGangs Avenue  Oxgangs  Edinburgh','07974 353475');
INSERT INTO patient(patientID,forename,surname,dateOfBirth,Address,contactNo) VALUES (11,'Morgane','Dubios','26-Jun-1973','145 Dreghorn Avenue  Oxgangs  EH12 3DE','07864 118253');
INSERT INTO patient(patientID,forename,surname,dateOfBirth,Address,contactNo) VALUES (12,'Juliana','Garcia','14-May-1968','9 Charterhall Road  Blackford  Edinburgh  EH13 3SW','07112 835637');
INSERT INTO patient(patientID,forename,surname,dateOfBirth,Address,contactNo) VALUES (13,'Ben','Jones','18-Sep-2000','1 West Savile Terrace  Blackford  Edinburgh','07992 102938');
INSERT INTO patient(patientID,forename,surname,dateOfBirth,Address,contactNo) VALUES (14,'Chloe','Taylor','23-Jan-1975','89 Observatory Road  Blackford  Edin  EH13 9QQ','07935 746019');
INSERT INTO patient(patientID,forename,surname,dateOfBirth,Address,contactNo) VALUES (15,'Jess','Wright','29-Feb-1960','10 Watertown Rd  Blackford  EH13 6KP','0131 0935463');
INSERT INTO patient(patientID,forename,surname,dateOfBirth,Address,contactNo) VALUES (16,'Toby','Malone','10-Jul-1970','1 Falcon Avenue  Edin EH12','0131 427 3567');
INSERT INTO patient(patientID,forename,surname,dateOfBirth,Address,contactNo) VALUES (17,'Brenda','McWilliams','12-Mar-1969','85 Nile Grove  Edin  EH310 8TY','0131 487 1299');
INSERT INTO patient(patientID,forename,surname,dateOfBirth,Address,contactNo) VALUES (18,'Terry','Souza','31-Jul-1993','7 Jordan Lane  Edinburgh','0131 422 7812');
INSERT INTO patient(patientID,forename,surname,dateOfBirth,Address,contactNo) VALUES (19,'Lesley','Graham','17-Oct-1985','65 Newbattle Terrace  Edin  EH10','0131 447 1211');
INSERT INTO patient(patientID,forename,surname,dateOfBirth,Address,contactNo) VALUES (20,'Peter','Littlewood','19-Jan-2002','4B Cluny Gardens  Blackford  Edinburgh','0131 422 5461');
INSERT INTO patient(patientID,forename,surname,dateOfBirth,Address,contactNo) VALUES (21,'Dora','Hutton','24-Jan-1975','6 Whitehouse Loan  Edinburgh  EH10 5YY','0131 343 9854');
INSERT INTO patient(patientID,forename,surname,dateOfBirth,Address,contactNo) VALUES (22,'Sylvia','White','03-Jun-2000','62 Clinton Road  Morningside  Edinburgh  EH10 5FD','0131 447 1256');
INSERT INTO patient(patientID,forename,surname,dateOfBirth,Address,contactNo) VALUES (23,'Scott','Kordiak','12-Dec-1994','88 Greenbank Drive  Edin','0131 447 2811');
INSERT INTO patient(patientID,forename,surname,dateOfBirth,Address,contactNo) VALUES (24,'Robbie','Kane','13-Oct-1975','18 Maxwell Street  Morningside  Edin EH10 5RD','0131 441 5281');
INSERT INTO patient(patientID,forename,surname,dateOfBirth,Address,contactNo) VALUES (25,'Jean','Paterson','05-Aug-1975','15 Craiglea Drive  Edinburgh  EH10 6RT','0131 447 2344');
INSERT INTO patient(patientID,forename,surname,dateOfBirth,Address,contactNo) VALUES (26,'Joe','Spiers','13-Apr-1989','72 Nile Grove  Edin','0131 447 2311');
INSERT INTO patient(patientID,forename,surname,dateOfBirth,Address,contactNo) VALUES (27,'Lesley','McWhirter','30-Jun-1997','6 Morningside Drive  Edinburgh  EH10 6KJ','0131 472 6611');
INSERT INTO patient(patientID,forename,surname,dateOfBirth,Address,contactNo) VALUES (28,'Patricia','Davidson','05-Aug-1975','16 Cluny Avenue  Morningside  Edinburgh  EH10','0131 476 7221');
INSERT INTO patient(patientID,forename,surname,dateOfBirth,Address,contactNo) VALUES (29,'Martyn','Cairns','09-Sep-1953','62 Maxwell Street  Edinburgh','0131 441 6511');
INSERT INTO patient(patientID,forename,surname,dateOfBirth,Address,contactNo) VALUES (30,'Chris','Simpson','06-Jul-1954','61 Morningside Place  Edinburgh  EH10 7GF','0131 441 7111');
INSERT INTO patient(patientID,forename,surname,dateOfBirth,Address,contactNo) VALUES (31,'Deborah','Nelken','17-Oct-1956','71 Balcarres Street  Edinburgh  EH10','0131 441 4229');
INSERT INTO patient(patientID,forename,surname,dateOfBirth,Address,contactNo) VALUES (32,'Ray','Burns','15-Jun-1979','22 Cluny Avenue  Morningside  Edinburgh  EH10 6GF','07751 622672');
INSERT INTO patient(patientID,forename,surname,dateOfBirth,Address,contactNo) VALUES (33,'Craig','Selkirk','16-Jun-1981','52 Braid Avenue  Edinburgh  EH10','07722 887290');
INSERT INTO patient(patientID,forename,surname,dateOfBirth,Address,contactNo) VALUES (34,'Antony','Houston','15-Oct-2004','18 Balcarres Street  Edinburgh  EH10 6GD','07725 522710');
INSERT INTO patient(patientID,forename,surname,dateOfBirth,Address,contactNo) VALUES (35,'Tricia','Marlowe','30-May-2001','22 Millar Crescent  Edinburgh  EH10 7DS','0131 455 3399');
INSERT INTO patient(patientID,forename,surname,dateOfBirth,Address,contactNo) VALUES (36,'Craig','Harkins','26-Dec-1994','13 Greenbank Crescent  Edin','0131 441 7498');
INSERT INTO patient(patientID,forename,surname,dateOfBirth,Address,contactNo) VALUES (37,'Samantha','Robertson','31-Dec-1994','68 Cluny Drive  Edinburgh','0131 411 6512');
INSERT INTO patient(patientID,forename,surname,dateOfBirth,Address,contactNo) VALUES (38,'Jessica','Cooper','05-Jul-1991','19 Braid Road  Morningside  Edinburgh','0131 417 8826');
INSERT INTO patient(patientID,forename,surname,dateOfBirth,Address,contactNo) VALUES (39,'Peter','Sorenson','24-Mar-1966','65 Comiston Drive  Morningside  Edinburgh','0131 417 2256');
INSERT INTO patient(patientID,forename,surname,dateOfBirth,Address,contactNo) VALUES (40,'Katrina','Young','22-Dec-1963','6a Maxwell Street  Edin','0131 410 2266');
INSERT INTO patient(patientID,forename,surname,dateOfBirth,Address,contactNo) VALUES (41,'Rozalyn','Kerr','29-Dec-1961','17 Eden Lane  Edinburgh  EH10 6FG','0131 224 3511');
INSERT INTO patient(patientID,forename,surname,dateOfBirth,Address,contactNo) VALUES (42,'Michael','O''Leary','03-Mar-1985','92 Hermitage Drive  Edin  EH10','07791 444123');
INSERT INTO patient(patientID,forename,surname,dateOfBirth,Address,contactNo) VALUES (43,'Charlie','Taylor','30-Jan-1948','1 Morningside Place  Edinburgh  EH10 5RD','0131 412 8249');
INSERT INTO patient(patientID,forename,surname,dateOfBirth,Address,contactNo) VALUES (44,'Lorraine','McFarlane','01-Jun-1950','16 Nile Grove  Edinbrugh  EH10 7KC','0131 412 7733');
INSERT INTO patient(patientID,forename,surname,dateOfBirth,Address,contactNo) VALUES (45,'Martha','Humpheries','23-Nov-1956','17 Cluny Drive  Morningside  Edin','0131 412 6511');
INSERT INTO patient(patientID,forename,surname,dateOfBirth,Address,contactNo) VALUES (46,'Jim','White','31-Dec-1976','81 Balcarres Street  Edinburgh  EH10 9GW','0131 418 6639');
INSERT INTO patient(patientID,forename,surname,dateOfBirth,Address,contactNo) VALUES (47,'Phyllis','Regis','14-Apr-1979','2 Comiston Drive  Edin','07791 565421');
INSERT INTO patient(patientID,forename,surname,dateOfBirth,Address,contactNo) VALUES (48,'Rachael','Ferguson','17-Oct-1990','16 Morningside Grove  Edinburgh  EH10 7FG','07741 722639');
INSERT INTO patient(patientID,forename,surname,dateOfBirth,Address,contactNo) VALUES (49,'Kausar','Ali','22-Oct-1990','15 Hermitage Drive  Edinburgh  EH10 6GQ','0131 416 2512');
INSERT INTO patient(patientID,forename,surname,dateOfBirth,Address,contactNo) VALUES (50,'Sue','Lamb','27-May-2002','18 Greenbank Road  Edin','07745 118642');
INSERT INTO patient(patientID,forename,surname,dateOfBirth,Address,contactNo) VALUES (51,'Karen','Sinclair','12-Sep-1977','14 Morningside Park  Edinburgh  EH10 8ER','0131 417 2377');
INSERT INTO patient(patientID,forename,surname,dateOfBirth,Address,contactNo) VALUES (52,'Clair','McKenzie','20-May-1960','16 Greenbank Crescent  Morningside  Edinburgh  EH10','0131 422 7624');
INSERT INTO patient(patientID,forename,surname,dateOfBirth,Address,contactNo) VALUES (53,'Trevor','McKenzie','27-Nov-1962','16 Greenbank Crescent  Morningside  Edinburgh  EH10','0131 422 7624');
INSERT INTO patient(patientID,forename,surname,dateOfBirth,Address,contactNo) VALUES (54,'Adela','Mansur','11-Jul-1964','62 Maxwell Street  Edinburgh','7791669014');
INSERT INTO patient(patientID,forename,surname,dateOfBirth,Address,contactNo) VALUES (55,'Kristoffer','Anders','15-Jan-1970','15 Millar Crescent  Edinburgh  EH10 7GH','013 411 6599');
INSERT INTO patient(patientID,forename,surname,dateOfBirth,Address,contactNo) VALUES (56,'Christine','McGregor','25-Nov-1987','62 Braid Avenue  Morningside  Edinburgh  EH10','0131 412 7720');
INSERT INTO patient(patientID,forename,surname,dateOfBirth,Address,contactNo) VALUES (57,'Suzanne','Cohen','29-Aug-1989','2 Greenbank Terrace  Morningside  Edinburgh','0131 412 7936');
INSERT INTO patient(patientID,forename,surname,dateOfBirth,Address,contactNo) VALUES (58,'Martyn','Sutherland','15-Oct-1990','4 Greenbank Road  Morningside  Edin','07791 658711');
INSERT INTO patient(patientID,forename,surname,dateOfBirth,Address,contactNo) VALUES (59,'Dmitri','Alexis','18-Nov-1991','10 Craiglea Drive  Morningside  Edinburgh  EH10 7BK','0131 412 6519');
INSERT INTO patient(patientID,forename,surname,dateOfBirth,Address,contactNo) VALUES (60,'Norman','Henderson','20-Jan-1989','72 Braid Avenue  Morningside  Edinburgh  EH10 7GG','0131 4129350');
INSERT INTO patient(patientID,forename,surname,dateOfBirth,Address,contactNo) VALUES (61,'Carol','Smith','16-Nov-1950','4 Millar Crescent  Morningside  Edinburgh  EH10 7DS','0131 412 5128');
INSERT INTO patient(patientID,forename,surname,dateOfBirth,Address,contactNo) VALUES (62,'Teresa','McPhee','15-Aug-1948','70 Cluny Avenue  Morningside  Edin','07714 528765');
INSERT INTO patient(patientID,forename,surname,dateOfBirth,Address,contactNo) VALUES (63,'Morag','Peterson','02-Mar-1949','61 Comiston Drive  Morningside  Edin','0131 412 7326');
INSERT INTO patient(patientID,forename,surname,dateOfBirth,Address,contactNo) VALUES (64,'Derek','Park','11-Mar-1983','52 Falcon Avenue  Morningside  Edin','0131 412 7992');
INSERT INTO patient(patientID,forename,surname,dateOfBirth,Address,contactNo) VALUES (65,'Elizabeth','Arden','19-May-1980','17 Craiglea Drive  Morningside  Edinburgh  EH10 7DL','0131 412 1273');
INSERT INTO patient(patientID,forename,surname,dateOfBirth,Address,contactNo) VALUES (66,'Graham','Flynn','08-Jul-1979','82 Morningside Park  Edinburgh  EH10 7HJ','0131 412 1524');
INSERT INTO patient(patientID,forename,surname,dateOfBirth,Address,contactNo) VALUES (67,'Ian','Lee','30-Jun-1981','106 Cluny Gardens  Morningside  Edinburgh  EH10 6GG','07793 365810');
INSERT INTO patient(patientID,forename,surname,dateOfBirth,Address,contactNo) VALUES (68,'Mohammed','Salwar','23-Jun-1983','93 Comiston Drive  Morningside  Edinburgh  EH10 7AA','0131 412 6119');
INSERT INTO patient(patientID,forename,surname,dateOfBirth,Address,contactNo) VALUES (69,'Karinne','Stewart','07-Mar-1972','4 Nile Grove  Morningside  Edinburgh  EH10 3 DR','0131 412 6310');
INSERT INTO patient(patientID,forename,surname,dateOfBirth,Address,contactNo) VALUES (70,'Niomi','Quinn','11-Feb-1955','78 Braid Farm Road  Morningside  Edinburgh  EH10 8AQ','0131 412 7890');
INSERT INTO patient(patientID,forename,surname,dateOfBirth,Address,contactNo) VALUES (71,'William','McCall','29-Jan-1973','7 Eden Lane  Edinburgh','0131 412 8351');
INSERT INTO patient(patientID,forename,surname,dateOfBirth,Address,contactNo) VALUES (72,'Samantha','Oldershaw','03-Feb-1973','81 Jordan Lane  Morningside  Edinburgh  EH10 2CY','0131 412 1550');
INSERT INTO patient(patientID,forename,surname,dateOfBirth,Address,contactNo) VALUES (73,'Jose','Carreras','24-Jul-1953','4 Craiglea Drive  Morningston  Edinburgh  EH10 2SU','07794 226193');
INSERT INTO patient(patientID,forename,surname,dateOfBirth,Address,contactNo) VALUES (74,'Callum','Sinclair','19-May-1961','71 Hermitage Drive  Morningside  Edinbrugh  EH10 7AQ','0131 412 1739');
INSERT INTO patient(patientID,forename,surname,dateOfBirth,Address,contactNo) VALUES (75,'Ernest','Callachan','12-Oct-1966','15 Falcon Court  Edinburgh','0131 412 8811');
INSERT INTO patient(patientID,forename,surname,dateOfBirth,Address,contactNo) VALUES (76,'Gillian','Hendry','27-Apr-1969','32 Falcon Avenue  Morningside  Edinbrugh  EH10 3ED','0131 317 4216');
INSERT INTO patient(patientID,forename,surname,dateOfBirth,Address,contactNo) VALUES (77,'Steve','McKenzie','26-Aug-1974','6 Napier Road  Edinburgh  EH10 2SD','0131 412 5172');
INSERT INTO patient(patientID,forename,surname,dateOfBirth,Address,contactNo) VALUES (78,'Carol','Munro','22-Aug-1976','102 Greenbank Drive  Morningside  Edinburgh  EH10 8JW','0131 412 8222');
INSERT INTO patient(patientID,forename,surname,dateOfBirth,Address,contactNo) VALUES (79,'Andre','Pileau','06-Dec-1981','66 Balcarres Street  Edinburgh  EH10 8SW','0131 412 1184');
INSERT INTO patient(patientID,forename,surname,dateOfBirth,Address,contactNo) VALUES (80,'Tommy','McLean','18-May-1982','90 Braid Avenue  Morningside  Edin','0131 412 1100');
INSERT INTO patient(patientID,forename,surname,dateOfBirth,Address,contactNo) VALUES (81,'Peter','Chow','29-Nov-1993','12 Greenbank Loan  Edin','7715226719');
INSERT INTO patient(patientID,forename,surname,dateOfBirth,Address,contactNo) VALUES (82,'Victor','Hugo','06-Aug-1968','98 Millar Crescent  Morningside  Edinburgh','0131 412 6124');
INSERT INTO patient(patientID,forename,surname,dateOfBirth,Address,contactNo) VALUES (83,'Hugh','Murphy','07-Jan-1954','6 Hermitage Gardens  Morningside  Edinburgh  EH10 2TF','0131 4125521');
INSERT INTO patient(patientID,forename,surname,dateOfBirth,Address,contactNo) VALUES (84,'Patrice','Roberts','04-Apr-1976','18 Ethel Terrace  Morningside  Edinburgh  EH10','0131 4122271');
INSERT INTO patient(patientID,forename,surname,dateOfBirth,Address,contactNo) VALUES (85,'Sylvia','Plath','11-Dec-1978','16 Braidburn Terrace  Morningside  Edinburgh  EH10 3CA','0131 412 6234');
INSERT INTO patient(patientID,forename,surname,dateOfBirth,Address,contactNo) VALUES (86,'Leo','Shostakovich','26-Oct-1999','81 Corrennie Gardens  Morningside  Edinburgh  EH10 6VS','07791 152782');
INSERT INTO patient(patientID,forename,surname,dateOfBirth,Address,contactNo) VALUES (87,'Michael','MacLaughlin','14-Dec-1972','25 Maxwell Street  Morningside  Edinburgh  EH10 8HG','0131 413 5227');
INSERT INTO patient(patientID,forename,surname,dateOfBirth,Address,contactNo) VALUES (88,'Juliet','Simpson','07-Dec-1974','14 Braidburn Crescent  Morningside  Edinburgh','07791 145271');
INSERT INTO patient(patientID,forename,surname,dateOfBirth,Address,contactNo) VALUES (89,'Karen','White','25-May-1977','72 Braid Avenue  Morningside  Edin','0131 412 5112');
INSERT INTO patient(patientID,forename,surname,dateOfBirth,Address,contactNo) VALUES (90,'Fillipo','Perez','25-Sep-1980','13 Braidburn Terrace  Morningside  Edinburgh  EH10 2SD','0131 412 1814');
INSERT INTO patient(patientID,forename,surname,dateOfBirth,Address,contactNo) VALUES (91,'Anna','Davidson','14-Feb-1983','41 Ethel Terrace  Morningside  Edinburgh  EH10 5FF','07751 152893');
INSERT INTO patient(patientID,forename,surname,dateOfBirth,Address,contactNo) VALUES (92,'Sereena','Hilton','04-Jul-1985','91 Craiglea Drive  Edinburgh  EH10 3SD','0131 412 6723');
INSERT INTO patient(patientID,forename,surname,dateOfBirth,Address,contactNo) VALUES (93,'Bridget','McTear','17-Apr-1978','104 Morningside Drive  Edinburgh','0131 412 1872');
INSERT INTO patient(patientID,forename,surname,dateOfBirth,Address,contactNo) VALUES (94,'Callum','Patterson','20-Oct-1967','52 Braid Crescent  Morningside  Edinburgh  EH10 2 AQ','0131 442 1562');
INSERT INTO patient(patientID,forename,surname,dateOfBirth,Address,contactNo) VALUES (95,'Sandy','McPherson','03-Jun-1958','4 Dalhousie Terrace  Morningside  Edinburgh  EH10 2ST','0131 412 1002');
INSERT INTO patient(patientID,forename,surname,dateOfBirth,Address,contactNo) VALUES (96,'Brian','O''leary','10-Apr-1956','15 Comiston Road  Morningside  Edinburgh','0131 412 1106');
INSERT INTO patient(patientID,forename,surname,dateOfBirth,Address,contactNo) VALUES (97,'John','Martyn','31-Dec-1968','74 Plewlands Avenue  Morningside  Edinburgh','07796 533812');
INSERT INTO patient(patientID,forename,surname,dateOfBirth,Address,contactNo) VALUES (98,'Piet','Rostov','17-Dec-1977','18 Plewlands Avenue  Morningside  Edin','0131 412 6225');
INSERT INTO patient(patientID,forename,surname,dateOfBirth,Address,contactNo) VALUES (99,'Tristian','O''Reilly','26-Mar-1986','9 St. Finnians Terrace  Morningside  Edinburgh  EH10 2BF','0131 412 7222');
INSERT INTO patient(patientID,forename,surname,dateOfBirth,Address,contactNo) VALUES (100,'Rory','O''Sullivan','04-Sep-1984','53 Comiston Drive  Edinburgh','0131 412 1123');
INSERT INTO patient(patientID,forename,surname,dateOfBirth,Address,contactNo) VALUES (101,'Martin','Brown','28-Dec-1981','1 Balcarres Street  Morningside  Edinburgh  EH10 5 DF','0131 412 6722');
INSERT INTO patient(patientID,forename,surname,dateOfBirth,Address,contactNo) VALUES (102,'Alice','Jennings','14-Sep-1989','14 Ethel Terrace  Morningside  Edinburgh','0131 412 6114');
INSERT INTO patient(patientID,forename,surname,dateOfBirth,Address,contactNo) VALUES (103,'Eleanor','Riggs','07-Jul-1997','6 Greenbank Road  Edin','0131 412 1117');
INSERT INTO patient(patientID,forename,surname,dateOfBirth,Address,contactNo) VALUES (104,'Sergei','Simonov','03-May-1958','61 Dalhousie Terrace  Edin','07745 639910');
INSERT INTO patient(patientID,forename,surname,dateOfBirth,Address,contactNo) VALUES (105,'Greg','Reith','30-Apr-1960','91 Craiglea Drive  Morningside  Edinburgh  EH10','0131 412 6723');
